"Id";"Référence";"Boîtier";"Quantité";"Désignation";"Fournisseur et réf";
1;"J3";"PinHeader_3x01_P2.54mm_Horizontal_Xany2Msx";1;"M2";;;
2;"J2";"PinHeader_3x01_P2.54mm_Horizontal_Xany2Msx";1;"M1";;;
3;"D2";"LED_D3.0mm";1;"Sig.Lost";;;
4;"R2";"R_1206_3216Metric_Pad1.42x1.75mm_HandSolder";1;"2.7K";;;
5;"R3";"R_1206_3216Metric_Pad1.42x1.75mm_HandSolder";1;"1M";;;
6;"C1,C2";"C_Disc_D3.0mm_W2.0mm_P2.50mm";2;"22pF";;;
7;"C3";"C_Disc_D3.0mm_W2.0mm_P2.50mm";1;"100nF";;;
8;"R4";"R_Axial_DIN0204_L3.6mm_D1.6mm_P2.54mm_Vertical";1;"1K";;;
9;"R5";"R_Axial_DIN0204_L3.6mm_D1.6mm_P2.54mm_Vertical";1;"10K";;;
10;"J1";"Pin_Header_Straight_1x03_Pitch2.54mm";1;"RC Xany_Input";;;
11;"J5";"Pin_Header_Straight_1x03_Pitch2.54mm";1;"=/Dwn";;;
12;"J6";"Pin_Header_Straight_2x03_Pitch2.54mm";1;"FTDI";;;
13;"J7";"Pin_Header_Straight_1x03_Pitch2.54mm";1;"FTDI_3";;;
14;"U1";"DIP-8_W7.62mm";1;"ATtiny85";;;
15;"Y1";"HC-39";1;"16Mhz";;;
16;"D1,D3";"D_DO-35_SOD27_P2.54mm_Vertical_KathodeUp";2;"1N4148";;;
17;"R1";"R_1206_3216Metric_Pad1.42x1.75mm_HandSolder";1;"1K";;;
