Designator,Footprint,Quantity,Value,LCSC Part #
C1,1206,1,100nF,
C4,1210,1,220uF,
D1,LED_D3.0mm,1,LED SIG LOST,
D2,D_DO-35_SOD27_P2.54mm_Vertical_KathodeUp,1,1N4148,
F1,Fuse_Bourns_MF-RG300,1,Polyfuse,
IC1,Digispark_Pro,1,DIGISPARK_PRO,
IC2,DIP-18_W7.62mm_LongPads,1,ULN2803,
P1,Pin_Header_Straight_1x03_Mod_Pitch2.54mm,1,+V=VRx / +V<VRx,
P10,Pin_Header_Straight_1x09_Pitch2.54mm_Top,1,OUTPUT_1X8_GND,
P2,Pin_Header_Straight_1x03_Mod_Pitch2.54mm,1,RC_INPUT,
P3,Pin_Header_Straight_1x03_Mod_Pitch2.54mm,1,SERIAL_CFG,
P4,Pin_Header_Straight_1x03_Mod_Pitch2.54mm,1,DIODE,
P5,Pin_Header_Straight_1x09_Pitch2.54mm,1,OUTPUT_1X8,
P6,Faston_V-5_08,1,VExt,
P7,Pin_Header_Straight_1x09_Pitch2.54mm_Top,1,OUTPUT_1X8_ALIM,
P8,Pin_Header_Straight_1x03_Mod_Pitch2.54mm,1,SEL_ALIM,
P9,Pin_Header_Straight_1x03_Mod_Pitch2.54mm,1,SERVO,
R1,1206,1,1K,
R10,1206,1,10K,
R11,1206,1,10K,
R12,1206,1,10K,
R13,1206,1,10K,
R2,1206,1,1K,
R3,1206,1,1K,
R6,1206,1,10K,
R7,1206,1,10K,
R8,1206,1,10K,
R9,1206,1,10K,
